source_id,ra,dec,distance_pc,teff_gspphot,logg_gspphot,lum_flame,phot_g_mean_mag,hz_inner_m,hz_outer_m
3267929947104804096,51.98086835565923,1.3687693064123154,275.15141883393215,4200.12,4.572,0.1331513,15.064011,51858711605.110176,91162156190.03577
5642877846246495360,132.18993103830218,-28.36626799387149,298.6604960009827,4126.4243,4.6893,0.086562276,15.634264,41813194708.3157,73503194908.30232
6603465041679231872,342.0752951074827,-33.429739732998094,158.22232053263133,4975.6226,4.4976,0.3767416,11.948106,87230990980.25388,153342899933.7094
2046526391572691328,293.6118048185264,34.343384018266754,285.17279796587667,5031.399,4.6076,0.33137882,13.353279,81810941546.90338,143815023561.39856
1016789806037687424,132.79604631892312,50.70136500915918,177.89679016048072,4918.096,4.5551,0.30218622,12.350231,78124337123.44241,137334361048.57771
5679711000438989312,139.2479021214168,-19.9629200100692,282.56537539027244,4571.229,4.7718,0.23823172,15.220277,69366344824.91731,121938732481.69675
2995683893041962368,89.18125110573989,-14.406778733375775,279.73305317885365,4228.7188,4.4093,0.22067043,13.918858,66760731708.97322,117358338898.93187
5953737099445742848,259.1006879579178,-42.246847473281605,276.91350211160915,5072.6123,4.5755,0.33419797,13.701827,82158201013.05598,144425469149.2668
4615401513032729088,52.55436545551383,-84.13123890613318,216.4108662161034,4247.947,4.6588,0.12035016,14.667547,49302887292.9507,86669286083.39755
3004510772390701696,94.89984375530886,-10.206978623972743,244.89776597148048,4523.6025,4.639,0.17827742,13.867529,60006346789.31183,105484841198.05342
4069792782145982080,271.97512565163373,-21.9198633483205,173.25079990749146,4505.2285,4.6129,0.15251978,13.783944,55502443374.492905,97567453089.89806
5814108395520777856,260.0024135109209,-64.01523344016711,230.6403471893984,4573.7144,4.5962,0.1999153,13.595105,63543631913.813965,111703016101.12561
5962272505153840896,264.6611555594082,-37.641914642771184,188.360025932201,4914.4526,4.577,0.30664337,12.575891,78698382605.49057,138343472580.17816
2149291627370030336,274.0872897318571,55.02240423668746,278.44840832038267,4085.266,4.6136,0.12050711,15.276725,49335025044.04435,86725780866.89902
1323478680316848256,240.3067736957656,33.78794128433511,277.2927524290301,5351.7827,4.4398,0.6909931,12.322986,118136982209.82574,207672379253.0621
5260504054704228736,90.34309772251532,-77.30512516305403,174.2234629791894,4601.6626,4.6402,0.20349781,13.067603,64110459147.816765,112699438712.47789
5841541455445538432,180.52053793559944,-73.90827290614074,272.90482812676186,5287.355,4.5447,0.42220676,13.323394,92344622150.09068,162332125253.31732
3867940039451965952,165.0957416067055,10.30422002303029,202.50338611371885,4293.131,4.6086,0.15083623,13.762251,55195268698.47243,97027472343.63048
87878642944408960,39.459351971271865,20.10651097885789,245.59081113205016,4297.4673,4.6418,0.12803073,14.751658,50851776343.17741,89392069992.74344
3151482384299373696,116.25005565707366,11.32381800571184,159.62662733099359,5108.304,4.5962,0.33666635,12.012467,82461052301.8043,144957849835.80334
6181044017297795968,196.2939354163993,-30.87347451684905,110.76086017176816,4526.1016,4.5644,0.18873566,12.024741,61741332676.24745,108534763757.19289
803645216387486720,151.1237308326337,40.10832442659863,160.19019400794085,4421.172,4.6264,0.14920898,13.147517,54896732809.87179,96502677676.30093
5914174364643486592,256.77920959498886,-60.20868063446405,222.1843268850087,4750.927,4.4033,0.4640323,12.553842,96810647126.27664,170182927053.56
4797122403959920768,82.39790649374756,-48.10938034561245,184.59806545260932,4618.2847,4.6437,0.20728584,13.188132,64704403108.93421,113743529675.70541
2575048093288905088,26.940100636120626,11.630462714509594,167.54651408537228,4204.69,4.6542,0.12339642,13.915113,49922956552.780464,87759302571.72987
4229058961259584256,307.7711944935285,-1.3344442328653292,150.11702474784923,4829.321,4.5276,0.3212212,11.971553,80547324160.6636,141593717208.74548
4561522831932945920,254.37528119213647,20.04280678907025,174.37317071640638,4604.69,4.5718,0.24473618,12.77771,70306925346.1106,123592174029.47864
2208326773198648320,343.05318740334064,63.83100606560418,179.902579808979,4787.8574,4.5439,0.31617656,12.430099,79912340817.97475,140477483332.65036
6094128791359632256,211.50869679663995,-48.182350687601726,166.64805846366795,4907.656,4.5953,0.26103327,12.931719,72610085687.92355,127640887472.45511
2769623267282593152,3.268504451520806,16.372134197647934,218.88459308576793,5309.7935,4.5029,0.55210036,12.112214,105598568883.8944,185631168459.05646
5660807578058341120,148.8490558643404,-23.18831696044939,249.092966125237,4628.3047,4.5934,0.20913988,13.626277,64993128795.38796,114251079040.31358
296496818102428544,20.026487392111928,27.491163979390528,219.34914625966573,4753.1543,4.5272,0.26685587,12.986562,73415438568.8796,129056613063.18835
158752853233960704,68.94256915438129,28.7298324077926,215.79844658591395,4032.7236,4.6088,0.10707381,15.744784,46504035935.505974,81749200012.9421
2259514678757235200,278.12379463355416,69.68753731285905,289.4009311360441,4413.889,4.6702,0.16287261,14.593346,57355232591.76288,100824461503.41473
4227855172121285760,310.5139892477381,-0.4043236780945135,174.15300868274068,4192.8584,4.5377,0.14764166,13.806907,54607648704.55407,95994498249.05821
2196000977264781056,314.44241733931887,62.4951675091443,242.0958895032326,4540.713,4.6059,0.16696942,13.974669,58072094031.86232,102084628456.01059
1422765267499632640,269.5958611140116,58.95764479022307,267.9988949827982,4917.602,4.6138,0.2863798,13.353486,76053675623.5599,133694356096.15266
5351303408563334912,161.6187706640257,-56.79232716260708,121.9295171563585,5056.8584,4.7012,0.18771587,13.959732,61574304156.00327,108241145200.55313
1364263517961035648,268.5917785740653,49.7667469628206,250.48855507127266,4300.0444,4.6235,0.14274178,14.511047,53693853237.76184,94388142007.43398
5274946414813497344,114.15931179740944,-66.86352078426964,170.9042150984466,3937.0396,4.6649,0.08721297,14.589786,41970056664.55269,73778941715.58209
3180960123537829760,71.28188442250607,-12.362497485762386,191.41126794618575,4882.532,4.5551,0.31954244,12.588462,80336571010.46127,141223235355.23193
2757278951454094208,355.39596883039155,7.772995398406042,232.533317709325,4175.839,4.6554,0.124641016,14.758834,50174090354.16215,88200769359.42188
2703346703520007168,336.26807472022426,1.8748873991571864,293.4248266388547,4560.646,4.6059,0.19959715,14.182033,63493049351.80321,111614097281.5909
4002529127504102656,183.65648714455847,25.35103115552704,149.10868074672766,4901.7324,4.5986,0.2575872,12.2632885,72129206829.22765,126795553057.6949
5421588692928858752,149.5179398274344,-38.53672261240203,284.6516437121647,4269.1045,4.6369,0.13845795,14.925257,52882011457.995995,92961009615.63506
6050388913137070848,243.801645721263,-23.312710640001946,140.1819856191929,4651.947,4.2267,0.46437868,13.156101,96846772862.031,170246432294.30713
4345060775182367232,243.6113825855092,-9.798144967737604,281.9574937799502,4449.7144,4.5706,0.16635102,14.770603,57964454273.52697,101895409091.35796
992946106114748032,98.78653800799052,53.48274949487174,176.12476659267253,4012.7551,4.679,0.07765903,14.623242,39604542259.815895,69620616393.57109
676792841901784192,122.25754490603376,21.719144698104863,236.2678214993602,4900.7607,4.3832,0.5830169,12.236638,108514953659.81725,190757865907.2577
218953691837608960,59.03741393673775,35.05494733670979,245.32624168601194,5075.086,4.5252,0.4119523,12.905073,91216306573.51385,160348665239.75592
2482368024800833024,20.69150364322592,-4.948270053784501,214.252704548404,5363.4297,4.6507,0.37066054,12.594102,86524120682.44916,152100296357.56848
4609966833215963392,269.9162011356804,38.08359981724473,229.98443856965514,3966.5505,4.7163,0.06594506,15.313026,36495570017.35199,64155370451.55561
6844037812175117440,328.550099745172,-11.84492676424537,240.0476539758948,5404.4365,4.3936,0.8736067,11.728393,132833310206.66792,233506976889.61627
6441225886185109632,296.9382192310896,-62.69401769128883,264.15388895897104,5198.8594,4.5818,0.37867805,12.862262,87454887078.4479,153736485706.32425
1275271417631701504,230.4024470951766,29.987756082491188,255.29348471281835,4233.5522,4.3925,0.14783396,14.318209,54643199760.14437,96056993262.56958
6490173906174556416,347.8652418664771,-61.00035302087843,288.3727541092309,4540.925,4.5675,0.21797703,13.888865,66352055729.08342,116639929544.8098
5940429538445511808,249.55141364443173,-49.89214713769844,148.51367230182683,4488.126,4.6573,0.1521554,13.010401,55436104195.800255,97450835796.82784
3793148372312611456,175.7586272314012,-1.4431344976896974,228.0295665241836,4167.1436,4.664,0.10727903,14.606471,46548579927.093025,81827503661.31091
3138662151736925568,115.61321471787744,5.822004783869703,264.7692425689112,4187.524,4.6322,0.11477925,14.939447,48148272372.26979,84639594591.25322
5976199159903812736,261.8674510209178,-33.38027005990221,295.2637064981888,5116.1343,4.4731,0.4913291,13.290232,99617413364.73279,175116926651.68814
1504338722359357568,213.3532674848212,43.14980585052344,234.79544659807163,5285.6455,4.5161,0.49151552,12.335566,99636309983.12225,175150144917.69913
1688451325954477184,202.2420719956789,73.5260395559479,211.26608795360409,4602.6855,4.6244,0.16952406,13.487075,58514660524.44449,102862613764.02347
5889045855385067136,233.9041473943362,-52.41066439039292,249.89509919865452,4294.6797,4.6335,0.12923446,14.990973,51090268323.078804,89811313788.99117
4081754605352170496,284.59775643004104,-21.98003725193834,147.82757419579207,5114.736,4.4789,0.5152376,11.43791,102012359245.60902,179326989410.70218
2691146831736184576,320.9698041323115,1.4596959092292126,218.72615601631537,4200.9385,4.6791,0.103804335,14.688917,45788536485.03173,80491427294.73997
334398010409366400,37.85844076196018,37.3725520423442,246.06755652438113,5299.153,4.4636,0.5955959,12.247747,109679349764.41975,192804751691.13788
1383626089525174016,241.01000821452405,42.29966137990583,293.7208603559123,4829.949,4.5454,0.2971476,13.459797,77470280918.6168,136184599088.51587
3702063519102244480,190.8900343404613,0.8167777188069891,167.35031113120692,4875.7715,4.6166,0.27539423,12.3916025,74580696646.59152,131105014105.06091
5423016683660491264,142.68432343572326,-45.35562833140631,294.9601903015984,4388.83,4.6685,0.13647354,14.809314,52501685461.56061,92292436548.21706
2804852929801600768,12.874260813384463,24.713695986960246,120.24415056722569,4125.305,4.6584,0.098042,13.395983,44499496629.69694,78225430917.46725
3114023912926376448,103.60579663186812,1.298895882866894,258.93079731554496,5332.8364,4.3035,0.7336702,12.115048,121730514343.19537,213989430476.98557
5524591457617244928,132.87474133485472,-41.8073109826383,259.4346010392604,4214.5024,4.6395,0.11605922,14.8086605,48415992723.30931,85110218787.29109
4060366016201160320,263.0984171299199,-28.70866028820786,231.8392002477187,4444.5996,4.6928,0.15055706,17.528055,55144166919.052536,96937640794.54498
6694638847956909696,307.03288033833167,-38.13083181274876,279.0329118504868,5449.438,4.5542,0.6291085,12.482911,112722806718.56996,198154828652.64404
3039556915253606144,122.13119572061568,-8.362291739425608,191.0064014007882,4632.4966,4.6384,0.23348087,13.023762,68671205094.77625,120716750008.71194
6237927045205600000,233.2586211001955,-25.66616981631038,245.79367883218146,5066.723,4.4827,0.44690675,13.483724,95007409016.74234,167013024271.53653
1878241773237645184,335.1572803078824,23.49713250831632,233.76535428188376,4387.9023,4.6695,0.14604606,14.332744,54311767924.01385,95474370982.2138
4288946748293342080,290.3680259857761,2.585676216321688,92.76551590582343,4471.724,4.608,0.1531479,11.879917,55616613403.239006,97768151982.53592
2337648311488015360,357.9051572162894,-25.37495805804434,224.36016251995395,4457.472,4.6592,0.15178564,13.834169,55368704279.78157,97332353839.19498
4395214100433309184,259.6236435503476,8.823787980177272,135.13175504037858,4300.0586,4.4651,0.26029426,12.482403,72507229810.35114,127460077666.61726
2796277112767076864,8.069252608260474,20.353309593373144,206.41496473634191,4878.4224,4.7835,0.12346156,15.530194,49936131782.3748,87782463238.49045
6016504747910034432,237.17945959440476,-31.035551936989044,262.6529450733814,3928.3843,4.6857,0.059583,15.868406,34690471320.011345,60982196952.01995
5166280100090122880,48.68857053235071,-10.31031829258607,178.16923744211772,4910.057,4.5661,0.29288757,12.407774,76912953310.20149,135204875818.98576
1130573557111974912,147.9141443407799,76.6254414011158,185.74459026993088,4603.343,4.5723,0.22074994,12.90377,66772757941.30162,117379479749.44601
164738354017665664,63.62319034446372,28.47010558169488,267.41056413731656,4218.7085,4.6793,0.090852566,17.159286,42836858747.64568,75302688535.33505
1761771910959772032,312.82340841423843,14.146702825098949,220.63569071566545,4005.8923,4.6165,0.08578348,15.020071,41624674225.40157,73171795743.60066
1329848490477856768,243.93229774877804,35.28194796186894,80.62097275425829,4319.4736,4.669,0.124509186,12.104236,50147549330.75706,88154113034.06767
3311535375672171776,64.16547053613425,14.911001661239755,159.54703536182245,4678.7954,4.566,0.24025196,13.009939,69659842312.69554,122454670170.73846
6112272348126668800,206.2556156588159,-41.90380304029654,224.49170060187205,4602.1753,4.6031,0.19154751,13.55912,62199554304.336205,109340269145.51733
6755038496304470144,299.02965097547093,-25.81511409062173,246.30732507546185,4724.486,4.5728,0.20706446,13.635756,64669841926.753426,113682774755.45074
4283053988756001920,278.3184720386906,3.3717481770969235,266.1114083738377,5005.252,4.5267,0.39937308,12.9829855,89812836190.0756,157881512039.39603
2599647119044490496,335.7739466039153,-13.861686428004196,234.10147372506702,4464.8804,4.6451,0.16174246,13.999376,57155896275.60293,100474049242.37566
490441735713670528,62.65889484812052,67.42093455746006,259.65231824103194,5153.623,4.5611,0.43360832,12.81285,93583184759.41557,164509387945.49893
4934043968492272896,19.978912607014244,-46.268908827131504,214.80794890949184,5244.216,4.3804,0.6835308,11.803424,117497347273.78441,206547968365.4947
2621100450623361280,337.46039692915133,-9.4138885938182,107.99249186215697,4675.2905,4.5774,0.24693385,11.589595,70621889199.85735,124145847330.27554
1851315420672845056,317.26433818017045,28.56829919965257,192.3385061235881,4232.7573,4.6224,0.103001766,14.350025,45611184707.99547,80179661539.31836
5541455315986463104,123.11266093558184,-37.228029031611456,244.1722034463846,5238.3833,4.6259,0.10848911,15.130333,46810371794.560905,82287706207.28075
5976098417137532800,260.39426123189656,-33.990807970499525,229.7272056945955,4610.1606,4.5972,0.2163566,14.014079,66104966780.566574,116205573182.68019
28898090451449472,46.390126369621385,13.247010695396186,246.50504335036132,4395.5864,4.6623,0.14397775,14.616178,53925813889.1987,94795904415.7493
6592347918267168128,325.89266406851976,-32.70108602601178,215.1502817562508,4699.4355,4.5775,0.20789352,13.285196,64799177543.33605,113910133155.1276
5887064359268864256,229.8118640752524,-54.65964973566743,208.94706008955555,5402.544,4.7699,0.19736676,15.388471,63137302528.864006,110988731813.89778
6518913495153329920,335.6267213396465,-45.77727380564591,280.33778390964983,4054.0596,4.7156,0.117451966,15.151458,48705629713.45745,85619370127.86732
4600878063941953280,264.4802439077074,31.886073955965852,238.2787037522033,4127.2944,4.7084,0.08164618,15.009272,40608500430.55898,71385469177.93
992845122843798016,97.930319507219,52.80311722450461,210.91727522798314,4415.268,4.6767,0.1443353,14.181658,53992731239.36159,94913538073.40405
3664521351702250752,210.25644001708528,2.893570441735005,147.15258398173407,4726.2393,4.6205,0.21853422,12.402564,66436805727.91356,116788911121.70068
3711953493050429568,204.00269106832067,2.474936020003321,186.02822996366424,5160.336,4.7348,0.081555076,14.615328,40585837830.556625,71345630712.6627
5473228871432372992,153.5340889370309,-24.70797582268821,222.89142538973684,4198.181,4.6827,0.08997327,14.804749,42629061323.4443,74937402537.00209
6752384069075512320,293.03371224880306,-30.059458717281903,290.8282952753331,4564.8594,4.5853,0.20863487,14.092016,64914611924.62597,114113054646.44775
4115513220094402048,256.86102032051707,-21.825226860428497,271.2019877389722,4268.3496,4.6559,0.11121748,15.440741,47395329027.67659,83315999448.65254
4602130957441446400,264.4885051087142,33.21305392750107,281.034459968923,4302.5234,4.6804,0.11384075,14.9388685,47951024602.67107,84292853775.22176
377546664910219776,12.306742092125994,44.89573967469934,137.6320907584424,4162.2715,4.6673,0.106997594,13.714076,46487482015.58876,81720099964.24551
4364333977066797056,255.7436031947692,-5.842194704362982,277.77302899512017,4099.8203,4.6657,0.0703203,16.514872,37686809706.01708,66249444430.5774
5768315046181771904,235.42453336782756,-84.07996107587144,282.0174819467722,5097.217,4.6685,0.3214953,13.576184,80581682593.00458,141654115716.12384
123580919370477952,47.21000727570884,30.986665820509355,231.3913267742011,4249.9736,4.6639,0.1116291,14.959773,47482953958.1409,83470034852.7319
4366334126156046976,258.114342350935,-4.146034971112753,257.09380552109224,5028.729,4.5736,0.36659256,13.715834,86048011916.4066,151263347263.57794
4901782819863332608,8.530339760363265,-62.222773974381575,134.15827550834558,5006.046,4.6039,0.36459878,11.604548,85813699048.98627,150851449907.1653
2151838817854979456,272.31342374397576,57.59265727327833,281.0115875439162,3956.2642,4.6833,0.07816323,15.642069,39732900182.44199,69846256110.18752
1343460895402697600,263.88653309878464,39.13696619132115,175.06621450169632,5258.1655,4.4811,0.59651303,11.526233,109763762306.80116,192953140055.11365
6136053959995638016,196.6024558484431,-42.831847017778415,247.32469499952288,4271.5938,4.6437,0.13005121,14.671702,51251456967.79242,90094666459.17195
2221263218985851520,323.638957574277,66.61692048234809,74.3209721133044,5383.2437,4.4372,0.6393013,10.049573,113632303640.26582,199753628504.4673
4162186251740404608,265.2311033679639,-12.274423993955413,136.33329421360472,4868.7905,4.2897,0.7279816,11.173159,121257669914.97752,213158219745.2763
1678399143976755584,200.06487175399656,66.70681021725159,176.45766521254293,4369.257,4.6486,0.13893455,13.523978,52972948507.75829,93120867376.79616
2704125913666895104,338.12261664080285,3.99392247175405,251.21132629123872,4223.7305,4.6745,0.116492935,15.009388,48506373998.93573,85269099556.02386
5000393997669149952,10.3506881205495,-38.14071300963696,215.05399934728004,4498.617,4.647,0.16632284,13.708462,57959544452.403725,101886778142.64656
2491206105423269504,33.34016141111763,-5.086866610453989,137.53057838180433,4198.7344,4.6619,0.12512165,13.415867,50270736591.21193,88370663270.86731
6274538269849968512,212.70878659887455,-24.130264620780515,275.2789114513543,5439.7866,4.6,0.49073026,12.8680105,99556687183.44592,175010176417.21545
707365862223681408,125.68746343301775,28.22132584251067,246.36366756491938,4386.91,4.5004,0.25510222,13.833448,71780443339.19728,126182463554.16783
4735086373076351744,48.62818895328279,-53.20071559025848,152.78323105144534,5152.3247,4.6102,0.36333662,11.831213,85665036294.52237,150590116433.52878
2799316059826451328,5.515605501572486,20.727879692706995,221.06874353046786,4607.671,4.5862,0.21784414,13.357707,66331826833.86519,116604369276.37354
1875970079134757760,340.86768832337145,23.249239423831664,292.9445997303353,4843.036,4.5906,0.28162324,13.577006,75419432925.58754,132579424195.5065
1783649894544856960,321.0815287698709,15.666357574300044,243.42251876064657,4055.3218,4.6081,0.11738341,14.717664,48691413048.32042,85594378727.04747
2554116930949289856,10.075012710387991,3.926417103949517,196.29175873176143,4109.235,4.6683,0.08437197,14.692132,41280800667.080956,72567302225.28967
2753295523906432384,2.0395106596463584,10.238983233370782,298.5707231103224,4632.265,4.5616,0.22362046,14.055193,67205495211.11965,118140186318.49455
886990809110955008,109.28137315581432,31.490172742310463,197.29548598410753,5478.6997,4.498,0.66632795,11.656004,116009360480.91206,203932244213.8138
919018036639891968,117.51120895228,36.53934836194871,178.08860483521673,4516.079,4.6347,0.17938544,13.186951,60192532015.872444,105812135227.90208
2833555985786735232,341.93337213851174,19.353772045666616,191.25594429061994,4833.8325,4.3617,0.5658941,11.819637,106909574323.52278,187935778021.35056
3023472056569280512,85.74850659995393,-4.509567189613597,261.5559301070582,5121.7266,4.4959,0.47740552,12.671104,98195759928.04652,172617809557.72388
868768602903736832,115.21199518417934,25.759341324709023,281.46471966997694,4825.6953,4.5709,0.26010188,13.533456,72480430296.61497,127412966942.47052
5178460008866279808,37.69713345499285,-6.820919802172686,221.33828671434173,4398.3237,4.6559,0.14665599,14.174095,54425060478.23921,95673527367.00998
3004697238395042176,94.32636034571412,-9.623377544552476,159.38362309654076,5354.322,4.5084,0.5381,11.385585,104251068134.34093,183262403983.5256
2346247935526578688,14.14576065057316,-23.058040298815158,209.33883346198957,5363.8804,4.4805,0.5774428,12.473716,107994963654.41388,189843778213.5486
1933622971340170496,339.28334479044804,42.47805665568671,227.5656543462277,4113.966,4.6607,0.10400182,14.875743,45832071528.20392,80567957318.00056
1014188567684692224,132.57596737991614,48.03646258109895,284.7772518830214,4892.0356,4.4901,0.321309,13.283473,80558331485.01329,141613066926.2865
5466445022127902976,151.39061904258696,-27.19499963006712,222.86869609325052,4255.7617,4.5007,0.21146014,13.829347,65352660902.63346,114883098639.36618
6681692893110527232,311.0408879634447,-39.69542745243913,237.82573702510263,4253.7153,4.6696,0.15819544,14.082572,56525706308.604126,99366241616.1778
5185560414440293632,42.73393126986607,-3.459045408623288,139.5243685139798,4245.9185,4.651,0.12512153,13.432611,50270712484.71303,88370620894.17975
5800349145690204288,226.66444883731472,-67.37865640447332,254.64466913201287,4563.6943,4.4193,0.3119383,13.513507,79374932291.58719,139532775712.5796
4105409399796978944,280.1884954706602,-13.217815935865094,242.84476230667664,5179.513,4.7994,0.10065471,15.433257,45088529154.26975,79260888092.24261
4708692944344873216,15.065534436872335,-65.13144875151903,237.41046991117358,4046.6863,4.5639,0.12696096,14.872978,50638882855.886475,89017825651.92674
2027994226190382848,297.5105129247955,27.375966540478327,282.69211572923757,4462.0234,4.5955,0.16698775,14.356769,58075281538.50546,102090231757.16225
2511654375999952640,28.984194914524725,2.279792645272056,226.31402012498077,4296.7524,4.6617,0.114981234,14.564575,48190618466.6635,84714034567.71375
5493261389176885632,116.46707196837664,-49.963857937509495,200.05248097270382,4249.6426,4.6302,0.12501535,14.241627,50249377718.60699,88333116621.13019
2240388880151078528,289.2538543398024,62.3732505274698,281.16160794299844,5449.495,4.4357,0.751752,12.237228,123221449549.78836,216610337629.62796
5658455555185799040,146.53358915390865,-25.69076617655729,294.682378883512,4449.7485,4.377,0.31092182,13.772976,79245501460.58965,139305249935.98392
5052502602489649664,44.97524469308333,-32.39536189853964,154.04856052507841,4478.7534,4.671,0.16551222,13.159678,57818131065.670074,101638188294.38846
1979258613779627520,325.5288577411873,50.67632080809086,266.732459726313,5170.97,4.585,0.44410023,12.838211,94708621708.0269,166487787634.11044
446639254048922112,51.305404832031606,54.17387921711204,250.65592818234182,4468.603,4.6748,0.16129045,14.818045,57075975666.72301,100333557224.66045
5601915746720479104,118.18034931208052,-27.188801720667108,245.85139701327478,4462.288,4.5334,0.2044726,13.7925415,64263825844.03481,112969041220.56647
4776963682897871616,72.79555686299727,-54.23755849713575,103.72070293407747,5258.3765,4.5205,0.1490239,12.831265,54862675074.24066,96442807762.08621
3280686721529098368,66.2274578864897,3.656549603976191,288.59348241519496,4827.333,4.5513,0.29020843,13.778949,76560370980.5683,134585073197.42004
1285339370727734400,216.31561992520756,30.958140447899385,175.324166936483,5350.804,4.7507,0.07351534,14.85847,38533459594.335175,67737765813.19973
5511484179500121088,110.74027118916528,-44.84234632799885,210.6439632803356,4020.3184,4.6692,0.0924108,14.882133,43202649558.36209,75945710276.27863
519978157091449088,24.079234588422644,67.95055260768426,294.58674797984514,4043.333,4.5384,0.11641228,15.310412,48489579164.957924,85239576005.76813
3855789469596668544,159.52641843352117,1.8896920354351,299.53147942148297,3900.0437,4.6885,0.07428049,15.837792,38733469252.09233,68089361737.88863
572054498112591744,26.72416798085367,82.0282514185558,292.81531105005655,4196.7227,4.64,0.116993316,15.202666,48610438935.4413,85452034760.19681
357842591908022912,27.213705995409477,49.870455325363,279.2711155902842,4208.1216,4.6442,0.11296931,15.215649,47767141782.9334,83969607134.20923
5927844322167316352,250.8586394936248,-56.20221185418656,284.1908421862926,3951.8662,4.7041,0.069425724,15.914886,37446327051.83281,65826701238.48505
2281306105868025600,345.9250262803225,76.86376784806055,192.8700427203915,4101.4414,4.6593,0.08975629,14.568547,42577628063.94105,74846988280.82268
6342743866636102528,297.7616206497789,-85.91848993283975,297.72287969331785,4453.798,4.6004,0.16583624,14.68102,57874698100.06647,101737627186.43263
1690963263347609088,184.0985286961952,73.9955754771138,247.89113559472383,4598.8564,4.5668,0.23794423,13.438294,69324477708.14723,121865134497.47989
1230823728796492672,209.9942200315339,14.362637309212904,271.33783601981764,4578.3916,4.6011,0.18473434,13.937324,61083348157.90244,107378096235.47061
6411524297547089024,333.4524201705347,-58.0550457334624,298.73650330618574,5262.035,4.5563,0.4747912,12.961216,97926525971.47125,172144524602.48105
2935813011016890752,106.9679528027824,-16.520550943961197,266.9421711385084,4424.2603,4.6688,0.12645943,14.715326,50538765269.55051,88841829473.8414
1510354597152530176,206.60290194165984,49.12989863179433,202.15725627475237,4276.094,4.5236,0.19525576,13.555132,62798742082.124855,110393578186.47212
263711679169833728,85.5568529213202,52.96219678113101,284.5714966017639,5371.2734,4.4327,0.7516844,12.462736,123215909187.23659,216600598255.458
2203996935067479424,329.878657821448,61.20328574906229,136.1868515787157,3914.9158,4.6778,0.07847252,14.217419,39811433630.220825,69984309644.70398
4637390027600793344,27.62296372216806,-75.39233578744117,276.0285177572521,5170.8,4.5703,0.37090605,13.131044,86552770913.86005,152150660448.575
3326809997366173568,99.22385466936026,9.534012668815503,247.66581631925777,4736.216,4.5607,0.28555268,13.1834755,75943767378.10587,133501148969.93347
359891153870510208,31.333446080557863,52.50443292134428,143.26729100398543,5204.9077,4.5163,0.45993033,11.36044,96381802111.28001,169429062658.77643
3194157939562713472,60.57073626156159,-8.641902948303398,253.7274263419006,4798.098,4.4962,0.29513726,13.32923,77207775155.04199,135723141588.33696
5654914887224650240,136.2966613116129,-22.6818807168827,216.27263617333054,4464.2725,4.3627,0.26868474,13.515495,73666581688.22025,129498096230.87138
132596261882440320,35.77434936061725,31.07789815215964,270.41292677335366,4787.7153,4.5795,0.23737581,13.750909,69241624298.61845,121719486924.9398
4262558915898078720,287.24616066453007,-0.6755851107004972,270.9181348260746,5023.1914,4.4178,0.52682716,12.759412,103153292735.52336,181332630387.70947
6149021149160162176,181.6162915689127,-40.96733859316389,293.5430412020864,4355.111,4.6453,0.14181755,14.8615055,53519741424.37826,94082071767.06494
2811411825899219200,347.6475133687993,11.224107697841262,137.71839487060439,5411.737,4.4581,0.65337473,10.88249,114876232557.10542,201940324600.38535
1900800964403932800,336.805376339004,30.754631131611752,289.84636327411135,4299.6455,4.6454,0.14230534,14.863329,53611704600.17816,94243733349.78687
6009934130839583488,236.09551333083377,-36.81015896440911,295.19779481508243,5392.854,4.4522,0.6292893,13.249716,112739003304.20547,198183300545.28754
6872322302128569344,297.4011940495349,-15.54472265394281,258.8265088319203,4634.3584,4.4902,0.25619373,13.90726,71933843498.09581,126452124886.12631
4548634356637185792,258.7723907734264,19.40717187896773,223.93854810368035,4886.858,4.5544,0.30537122,12.899384,78534967691.93254,138056206363.713
6527091903161249152,349.4925365261862,-47.93905770091033,279.67392856384595,4272.574,4.6551,0.14993961,14.645901,55030974794.402214,96738660954.37021
2639759162947729408,355.650028445362,-2.880435028336929,268.67685333385504,4010.0818,4.6904,0.07650748,15.546795,39309811931.70388,69102511500.99525
4100927786033595648,283.4446058314324,-15.459667241672328,290.5034555048004,5002.8784,4.3076,0.7644451,12.595474,124257373073.27898,218431382139.34305
5371882654157606912,175.88434329320253,-48.3356371659779,164.13345534633856,4831.3467,4.5563,0.3149422,12.194244,79756198536.04018,140203001637.039
6775009922429158272,314.23464821004075,-37.891540464561096,283.6965735429292,5045.8574,4.3677,0.68555987,12.496326,117671614236.96527,206854311342.8758
665668979685323648,128.85248584945904,22.407532750496703,185.45061394585463,5484.9053,4.5412,0.5628218,11.68211,106618967557.75394,187424921917.31485
1832230956847006592,304.3466152525607,24.757051180869738,95.12009358272078,4099.784,4.6708,0.09689202,12.917155,44237749229.569824,77765306540.40169
6284599664533612544,215.9542402523571,-18.102864990531938,214.29886540988824,4770.861,4.5263,0.2904487,13.026479,76592057438.59166,134640774655.2085
4641784775576833536,58.46255121650413,-71.93127330359283,177.7872768907201,4206.9946,4.4837,0.17213532,13.255425,58963602933.392975,103651807261.85922
4268847611328000256,285.46319898369444,3.4708048748478038,31.06754144025595,4435.7314,4.6122,0.17224716,9.325146,58982754780.19205,103685474192.54814
4278176623883730176,275.4047712932452,3.4651359244004243,294.09074184653565,4049.9155,4.671,0.09595969,15.763887,44024398957.90625,77390259220.74046
