aperture_m,scenario,mode,exposure_s,contrast_floor,iwa_mas,completeness,wa_completeness,n_stars_sim,n_selected_full,n_accessible,frac_accessible,eta_earth,E_yield_sample,E_yield_local,n_stars_local_est
4.0,current_1e-9,detection,300.0,1e-09,85.08431250000001,0.0,0.0,200,24409,0,0.0,0.24,0.0,0.0,813633.3333333334
4.0,nearterm_1e-10,detection,300.0,1e-10,85.08431250000001,0.0,0.0,200,24409,0,0.0,0.24,0.0,0.0,813633.3333333334
4.0,goal_1e-11,detection,300.0,1e-11,85.08431250000001,0.0,0.0,200,24409,0,0.0,0.24,0.0,0.0,813633.3333333334
6.0,current_1e-9,detection,300.0,1e-09,56.72287500000001,0.0,0.0,200,24409,0,0.0,0.24,0.0,0.0,813633.3333333334
6.0,nearterm_1e-10,detection,300.0,1e-10,56.72287500000001,0.0,0.0,200,24409,0,0.0,0.24,0.0,0.0,813633.3333333334
6.0,goal_1e-11,detection,300.0,1e-11,56.72287500000001,0.0,0.0,200,24409,0,0.0,0.24,0.0,0.0,813633.3333333334
8.0,current_1e-9,detection,300.0,1e-09,42.542156250000005,0.0,0.0,200,24409,0,0.0,0.24,0.0,0.0,813633.3333333334
8.0,nearterm_1e-10,detection,300.0,1e-10,42.542156250000005,0.0,0.0,200,24409,0,0.0,0.24,0.0,0.0,813633.3333333334
8.0,goal_1e-11,detection,300.0,1e-11,42.542156250000005,0.0,0.0,200,24409,0,0.0,0.24,0.0,0.0,813633.3333333334
12.0,current_1e-9,detection,300.0,1e-09,28.361437500000005,0.0,4.7499999999999996e-05,200,24409,0,0.0,0.24,0.0,0.0,813633.3333333334
12.0,nearterm_1e-10,detection,300.0,1e-10,28.361437500000005,0.0,4.7499999999999996e-05,200,24409,0,0.0,0.24,0.0,0.0,813633.3333333334
12.0,goal_1e-11,detection,300.0,1e-11,28.361437500000005,0.0,4.7499999999999996e-05,200,24409,0,0.0,0.24,0.0,0.0,813633.3333333334
15.0,current_1e-9,detection,300.0,1e-09,22.68915,0.0,0.0003625,200,24409,0,0.0,0.24,0.0,0.0,813633.3333333334
15.0,nearterm_1e-10,detection,300.0,1e-10,22.68915,0.0,0.0003625,200,24409,0,0.0,0.24,0.0,0.0,813633.3333333334
15.0,goal_1e-11,detection,300.0,1e-11,22.68915,0.0,0.0003625,200,24409,0,0.0,0.24,0.0,0.0,813633.3333333334
20.0,current_1e-9,detection,300.0,1e-09,17.016862500000002,0.0,0.00194,200,24409,0,0.0,0.24,0.0,0.0,813633.3333333334
20.0,nearterm_1e-10,detection,300.0,1e-10,17.016862500000002,0.0,0.00194,200,24409,0,0.0,0.24,0.0,0.0,813633.3333333334
20.0,goal_1e-11,detection,300.0,1e-11,17.016862500000002,0.0,0.00194,200,24409,0,0.0,0.24,0.0,0.0,813633.3333333334
30.0,current_1e-9,detection,300.0,1e-09,11.344575,0.0,0.0064525,200,24409,0,0.0,0.24,0.0,0.0,813633.3333333334
30.0,nearterm_1e-10,detection,300.0,1e-10,11.344575,0.0,0.0064525,200,24409,0,0.0,0.24,0.0,0.0,813633.3333333334
30.0,goal_1e-11,detection,300.0,1e-11,11.344575,0.0,0.0064525,200,24409,0,0.0,0.24,0.0,0.0,813633.3333333334
50.0,current_1e-9,detection,300.0,1e-09,6.806745000000001,8e-05,0.024482499999999997,200,24409,0,0.0,0.24,0.46865280000000004,15.621760000000002,813633.3333333334
50.0,nearterm_1e-10,detection,300.0,1e-10,6.806745000000001,0.0003925,0.024482499999999997,200,24409,1,0.005,0.24,2.2993278,76.64426,813633.3333333334
50.0,goal_1e-11,detection,300.0,1e-11,6.806745000000001,0.00042750000000000004,0.024482499999999997,200,24409,1,0.005,0.24,2.5043634,83.47878,813633.3333333334
80.0,current_1e-9,detection,300.0,1e-09,4.2542156250000005,0.0006525,0.11962499999999998,200,24409,1,0.005,0.24,3.8224493999999996,127.41497999999999,813633.3333333334
80.0,nearterm_1e-10,detection,300.0,1e-10,4.2542156250000005,0.0019525,0.11962499999999998,200,24409,1,0.005,0.24,11.4380574,381.26858,813633.3333333334
80.0,goal_1e-11,detection,300.0,1e-11,4.2542156250000005,0.00211,0.11962499999999998,200,24409,1,0.005,0.24,12.3607176,412.02392,813633.3333333334
120.0,current_1e-9,detection,300.0,1e-09,2.83614375,0.0010875,0.3118475,200,24409,1,0.005,0.24,6.370748999999999,212.35829999999999,813633.3333333334
120.0,nearterm_1e-10,detection,300.0,1e-10,2.83614375,0.0031425,0.3118475,200,24409,1,0.005,0.24,18.4092678,613.64226,813633.3333333334
120.0,goal_1e-11,detection,300.0,1e-11,2.83614375,0.0034624999999999994,0.3118475,200,24409,1,0.005,0.24,20.283878999999995,676.1292999999998,813633.3333333334
200.0,current_1e-9,detection,300.0,1e-09,1.7016862500000003,0.0029925000000000004,0.6465225000000001,200,24409,3,0.015,0.24,17.530543800000004,584.3514600000002,813633.3333333334
200.0,nearterm_1e-10,detection,300.0,1e-10,1.7016862500000003,0.0110825,0.6465225000000001,200,24409,9,0.045,0.24,64.9230582,2164.10194,813633.3333333334
200.0,goal_1e-11,detection,300.0,1e-11,1.7016862500000003,0.012847500000000001,0.6465225000000001,200,24409,10,0.05,0.24,75.2627106,2508.7570200000005,813633.3333333334
300.0,current_1e-9,detection,300.0,1e-09,1.1344575000000001,0.0109775,0.8456625,200,24409,11,0.055,0.24,64.3079514,2143.59838,813633.3333333334
300.0,nearterm_1e-10,detection,300.0,1e-10,1.1344575000000001,0.04697749999999999,0.8456625,200,24409,48,0.24,0.24,275.20171139999997,9173.390379999999,813633.3333333334
300.0,goal_1e-11,detection,300.0,1e-11,1.1344575000000001,0.05498,0.8456625,200,24409,51,0.255,0.24,322.08163679999996,10736.054559999999,813633.3333333334
500.0,current_1e-9,detection,300.0,1e-09,0.6806745,0.0500875,0.94923,200,24409,67,0.335,0.24,293.420589,9780.686300000001,813633.3333333334
500.0,nearterm_1e-10,detection,300.0,1e-10,0.6806745,0.20324749999999997,0.94923,200,24409,158,0.79,0.24,1190.6563746,39688.54582,813633.3333333334
500.0,goal_1e-11,detection,300.0,1e-11,0.6806745,0.23480249999999997,0.94923,200,24409,163,0.815,0.24,1375.5106133999998,45850.35378,813633.3333333334
700.0,current_1e-9,detection,300.0,1e-09,0.48619607142857146,0.10143749999999999,0.9750025,200,24409,140,0.7,0.24,594.2371049999999,19807.903499999997,813633.3333333334
700.0,nearterm_1e-10,detection,300.0,1e-10,0.48619607142857146,0.3764575,0.9750025,200,24409,195,0.975,0.24,2205.3482682,73511.60894,813633.3333333334
700.0,goal_1e-11,detection,300.0,1e-11,0.48619607142857146,0.4319125,0.9750025,200,24409,195,0.975,0.24,2530.2125309999997,84340.41769999999,813633.3333333334
1000.0,current_1e-9,detection,300.0,1e-09,0.34033725,0.15721749999999998,0.9880324999999999,200,24409,154,0.77,0.24,921.0052697999998,30700.175659999997,813633.3333333334
1000.0,nearterm_1e-10,detection,300.0,1e-10,0.34033725,0.54164,0.9880324999999999,200,24409,198,0.99,0.24,3173.0137824,105767.12608,813633.3333333334
1000.0,goal_1e-11,detection,300.0,1e-11,0.34033725,0.6207349999999999,0.9880324999999999,200,24409,198,0.99,0.24,3636.3649475999996,121212.16492,813633.3333333334
